"Date","AQS_SITE_ID","POC","Daily Max 8-hour CO Concentration","UNITS","DAILY_AQI_VALUE","DAILY_OBS_COUNT","PERCENT_COMPLETE","AQS_PARAMETER_CODE","AQS_PARAMETER_DESC","CBSA_CODE","CBSA_NAME","STATE_CODE","STATE","COUNTY_CODE","COUNTY","SITE_LATITUDE","SITE_LONGITUDE"
"01/01/2018","060370002","1","0.9","ppm","10","19","79.0000","42101","Carbon monoxide","31080","Los Angeles-Long Beach-Anaheim, CA","06","California","037","Los Angeles","34.1365","-117.92391"
"01/02/2018","060370002","1","1","ppm","11","24","100.0000","42101","Carbon monoxide","31080","Los Angeles-Long Beach-Anaheim, CA","06","California","037","Los Angeles","34.1365","-117.92391"
"01/03/2018","060370002","1","0.9","ppm","10","24","100.0000","42101","Carbon monoxide","31080","Los Angeles-Long Beach-Anaheim, CA","06","California","037","Los Angeles","34.1365","-117.92391"
"01/04/2018","060370002","1","1","ppm","11","24","100.0000","42101","Carbon monoxide","31080","Los Angeles-Long Beach-Anaheim, CA","06","California","037","Los Angeles","34.1365","-117.92391"
"01/05/2018","060370002","1","0.7","ppm","8","24","100.0000","42101","Carbon monoxide","31080","Los Angeles-Long Beach-Anaheim, CA","06","California","037","Los Angeles","34.1365","-117.92391"
"01/06/2018","060370002","1","0.8","ppm","9","24","100.0000","42101","Carbon monoxide","31080","Los Angeles-Long Beach-Anaheim, CA","06","California","037","Los Angeles","34.1365","-117.92391"
"01/07/2018","060370002","1","0.7","ppm","8","24","100.0000","42101","Carbon monoxide","31080","Los Angeles-Long Beach-Anaheim, CA","06","California","037","Los Angeles","34.1365","-117.92391"
"01/08/2018","060370002","1","0.7","ppm","8","24","100.0000","42101","Carbon monoxide","31080","Los Angeles-Long Beach-Anaheim, CA","06","California","037","Los Angeles","34.1365","-117.92391"
"01/09/2018","060370002","1","0.3","ppm","3","24","100.0000","42101","Carbon monoxide","31080","Los Angeles-Long Beach-Anaheim, CA","06","California","037","Los Angeles","34.1365","-117.92391"
"01/10/2018","060370002","1","0.4","ppm","5","24","100.0000","42101","Carbon monoxide","31080","Los Angeles-Long Beach-Anaheim, CA","06","California","037","Los Angeles","34.1365","-117.92391"
"01/11/2018","060370002","1","0.6","ppm","7","24","100.0000","42101","Carbon monoxide","31080","Los Angeles-Long Beach-Anaheim, CA","06","California","037","Los Angeles","34.1365","-117.92391"
"01/12/2018","060370002","1","0.6","ppm","7","24","100.0000","42101","Carbon monoxide","31080","Los Angeles-Long Beach-Anaheim, CA","06","California","037","Los Angeles","34.1365","-117.92391"
"01/13/2018","060370002","1","0.5","ppm","6","24","100.0000","42101","Carbon monoxide","31080","Los Angeles-Long Beach-Anaheim, CA","06","California","037","Los Angeles","34.1365","-117.92391"
"01/14/2018","060370002","1","0.3","ppm","3","24","100.0000","42101","Carbon monoxide","31080","Los Angeles-Long Beach-Anaheim, CA","06","California","037","Los Angeles","34.1365","-117.92391"
"01/15/2018","060370002","1","0.9","ppm","10","24","100.0000","42101","Carbon monoxide","31080","Los Angeles-Long Beach-Anaheim, CA","06","California","037","Los Angeles","34.1365","-117.92391"
"01/16/2018","060370002","1","0.9","ppm","10","24","100.0000","42101","Carbon monoxide","31080","Los Angeles-Long Beach-Anaheim, CA","06","California","037","Los Angeles","34.1365","-117.92391"
"01/17/2018","060370002","1","0.9","ppm","10","24","100.0000","42101","Carbon monoxide","31080","Los Angeles-Long Beach-Anaheim, CA","06","California","037","Los Angeles","34.1365","-117.92391"
"01/18/2018","060370002","1","0.7","ppm","8","24","100.0000","42101","Carbon monoxide","31080","Los Angeles-Long Beach-Anaheim, CA","06","California","037","Los Angeles","34.1365","-117.92391"
"01/19/2018","060370002","1","0.6","ppm","7","24","100.0000","42101","Carbon monoxide","31080","Los Angeles-Long Beach-Anaheim, CA","06","California","037","Los Angeles","34.1365","-117.92391"
"01/20/2018","060370002","1","0.3","ppm","3","24","100.0000","42101","Carbon monoxide","31080","Los Angeles-Long Beach-Anaheim, CA","06","California","037","Los Angeles","34.1365","-117.92391"
"01/21/2018","060370002","1","0.4","ppm","5","24","100.0000","42101","Carbon monoxide","31080","Los Angeles-Long Beach-Anaheim, CA","06","California","037","Los Angeles","34.1365","-117.92391"
"01/22/2018","060370002","1","0.4","ppm","5","24","100.0000","42101","Carbon monoxide","31080","Los Angeles-Long Beach-Anaheim, CA","06","California","037","Los Angeles","34.1365","-117.92391"
"01/23/2018","060370002","1","0.4","ppm","5","13","54.0000","42101","Carbon monoxide","31080","Los Angeles-Long Beach-Anaheim, CA","06","California","037","Los Angeles","34.1365","-117.92391"
"01/24/2018","060370002","1","0.5","ppm","6","24","100.0000","42101","Carbon monoxide","31080","Los Angeles-Long Beach-Anaheim, CA","06","California","037","Los Angeles","34.1365","-117.92391"
"01/25/2018","060370002","1","0.5","ppm","6","24","100.0000","42101","Carbon monoxide","31080","Los Angeles-Long Beach-Anaheim, CA","06","California","037","Los Angeles","34.1365","-117.92391"
"01/26/2018","060370002","1","0.3","ppm","3","24","100.0000","42101","Carbon monoxide","31080","Los Angeles-Long Beach-Anaheim, CA","06","California","037","Los Angeles","34.1365","-117.92391"
"01/27/2018","060370002","1","0.4","ppm","5","24","100.0000","42101","Carbon monoxide","31080","Los Angeles-Long Beach-Anaheim, CA","06","California","037","Los Angeles","34.1365","-117.92391"
"01/28/2018","060370002","1","0.5","ppm","6","24","100.0000","42101","Carbon monoxide","31080","Los Angeles-Long Beach-Anaheim, CA","06","California","037","Los Angeles","34.1365","-117.92391"
"01/29/2018","060370002","1","0.4","ppm","5","24","100.0000","42101","Carbon monoxide","31080","Los Angeles-Long Beach-Anaheim, CA","06","California","037","Los Angeles","34.1365","-117.92391"
"01/30/2018","060370002","1","0.5","ppm","6","24","100.0000","42101","Carbon monoxide","31080","Los Angeles-Long Beach-Anaheim, CA","06","California","037","Los Angeles","34.1365","-117.92391"
"01/31/2018","060370002","1","0.6","ppm","7","24","100.0000","42101","Carbon monoxide","31080","Los Angeles-Long Beach-Anaheim, CA","06","California","037","Los Angeles","34.1365","-117.92391"
"02/01/2018","060370002","1","0.7","ppm","8","24","100.0000","42101","Carbon monoxide","31080","Los Angeles-Long Beach-Anaheim, CA","06","California","037","Los Angeles","34.1365","-117.92391"
"02/02/2018","060370002","1","0.8","ppm","9","24","100.0000","42101","Carbon monoxide","31080","Los Angeles-Long Beach-Anaheim, CA","06","California","037","Los Angeles","34.1365","-117.92391"
"02/03/2018","060370002","1","0.8","ppm","9","24","100.0000","42101","Carbon monoxide","31080","Los Angeles-Long Beach-Anaheim, CA","06","California","037","Los Angeles","34.1365","-117.92391"
"02/04/2018","060370002","1","0.8","ppm","9","24","100.0000","42101","Carbon monoxide","31080","Los Angeles-Long Beach-Anaheim, CA","06","California","037","Los Angeles","34.1365","-117.92391"
"02/05/2018","060370002","1","0.7","ppm","8","24","100.0000","42101","Carbon monoxide","31080","Los Angeles-Long Beach-Anaheim, CA","06","California","037","Los Angeles","34.1365","-117.92391"
"02/06/2018","060370002","1","0.7","ppm","8","24","100.0000","42101","Carbon monoxide","31080","Los Angeles-Long Beach-Anaheim, CA","06","California","037","Los Angeles","34.1365","-117.92391"
"02/07/2018","060370002","1","0.6","ppm","7","24","100.0000","42101","Carbon monoxide","31080","Los Angeles-Long Beach-Anaheim, CA","06","California","037","Los Angeles","34.1365","-117.92391"
"02/08/2018","060370002","1","0.6","ppm","7","24","100.0000","42101","Carbon monoxide","31080","Los Angeles-Long Beach-Anaheim, CA","06","California","037","Los Angeles","34.1365","-117.92391"
"02/09/2018","060370002","1","0.8","ppm","9","24","100.0000","42101","Carbon monoxide","31080","Los Angeles-Long Beach-Anaheim, CA","06","California","037","Los Angeles","34.1365","-117.92391"
"02/10/2018","060370002","1","0.4","ppm","5","24","100.0000","42101","Carbon monoxide","31080","Los Angeles-Long Beach-Anaheim, CA","06","California","037","Los Angeles","34.1365","-117.92391"
"02/11/2018","060370002","1","0.3","ppm","3","24","100.0000","42101","Carbon monoxide","31080","Los Angeles-Long Beach-Anaheim, CA","06","California","037","Los Angeles","34.1365","-117.92391"
"02/12/2018","060370002","1","0.3","ppm","3","24","100.0000","42101","Carbon monoxide","31080","Los Angeles-Long Beach-Anaheim, CA","06","California","037","Los Angeles","34.1365","-117.92391"
"02/13/2018","060370002","1","0.3","ppm","3","24","100.0000","42101","Carbon monoxide","31080","Los Angeles-Long Beach-Anaheim, CA","06","California","037","Los Angeles","34.1365","-117.92391"
"02/14/2018","060370002","1","0.4","ppm","5","24","100.0000","42101","Carbon monoxide","31080","Los Angeles-Long Beach-Anaheim, CA","06","California","037","Los Angeles","34.1365","-117.92391"
"02/15/2018","060370002","1","0.4","ppm","5","24","100.0000","42101","Carbon monoxide","31080","Los Angeles-Long Beach-Anaheim, CA","06","California","037","Los Angeles","34.1365","-117.92391"
"02/16/2018","060370002","1","0.4","ppm","5","24","100.0000","42101","Carbon monoxide","31080","Los Angeles-Long Beach-Anaheim, CA","06","California","037","Los Angeles","34.1365","-117.92391"
"02/17/2018","060370002","1","0.4","ppm","5","24","100.0000","42101","Carbon monoxide","31080","Los Angeles-Long Beach-Anaheim, CA","06","California","037","Los Angeles","34.1365","-117.92391"
"02/18/2018","060370002","1","0.4","ppm","5","24","100.0000","42101","Carbon monoxide","31080","Los Angeles-Long Beach-Anaheim, CA","06","California","037","Los Angeles","34.1365","-117.92391"
"02/19/2018","060370002","1","0.3","ppm","3","24","100.0000","42101","Carbon monoxide","31080","Los Angeles-Long Beach-Anaheim, CA","06","California","037","Los Angeles","34.1365","-117.92391"
"02/20/2018","060370002","1","0.4","ppm","5","24","100.0000","42101","Carbon monoxide","31080","Los Angeles-Long Beach-Anaheim, CA","06","California","037","Los Angeles","34.1365","-117.92391"
"02/21/2018","060370002","1","0.4","ppm","5","24","100.0000","42101","Carbon monoxide","31080","Los Angeles-Long Beach-Anaheim, CA","06","California","037","Los Angeles","34.1365","-117.92391"
"02/22/2018","060370002","1","0.3","ppm","3","24","100.0000","42101","Carbon monoxide","31080","Los Angeles-Long Beach-Anaheim, CA","06","California","037","Los Angeles","34.1365","-117.92391"
"02/23/2018","060370002","1","0.3","ppm","3","24","100.0000","42101","Carbon monoxide","31080","Los Angeles-Long Beach-Anaheim, CA","06","California","037","Los Angeles","34.1365","-117.92391"
"02/24/2018","060370002","1","0.4","ppm","5","24","100.0000","42101","Carbon monoxide","31080","Los Angeles-Long Beach-Anaheim, CA","06","California","037","Los Angeles","34.1365","-117.92391"
"02/25/2018","060370002","1","0.4","ppm","5","24","100.0000","42101","Carbon monoxide","31080","Los Angeles-Long Beach-Anaheim, CA","06","California","037","Los Angeles","34.1365","-117.92391"
"02/26/2018","060370002","1","0.4","ppm","5","24","100.0000","42101","Carbon monoxide","31080","Los Angeles-Long Beach-Anaheim, CA","06","California","037","Los Angeles","34.1365","-117.92391"
"02/27/2018","060370002","1","0.3","ppm","3","24","100.0000","42101","Carbon monoxide","31080","Los Angeles-Long Beach-Anaheim, CA","06","California","037","Los Angeles","34.1365","-117.92391"
"02/28/2018","060370002","1","0.4","ppm","5","24","100.0000","42101","Carbon monoxide","31080","Los Angeles-Long Beach-Anaheim, CA","06","California","037","Los Angeles","34.1365","-117.92391"
"03/01/2018","060370002","1","0.3","ppm","3","24","100.0000","42101","Carbon monoxide","31080","Los Angeles-Long Beach-Anaheim, CA","06","California","037","Los Angeles","34.1365","-117.92391"
"03/02/2018","060370002","1","0.3","ppm","3","24","100.0000","42101","Carbon monoxide","31080","Los Angeles-Long Beach-Anaheim, CA","06","California","037","Los Angeles","34.1365","-117.92391"
"03/03/2018","060370002","1","0.4","ppm","5","24","100.0000","42101","Carbon monoxide","31080","Los Angeles-Long Beach-Anaheim, CA","06","California","037","Los Angeles","34.1365","-117.92391"
"03/04/2018","060370002","1","0.3","ppm","3","24","100.0000","42101","Carbon monoxide","31080","Los Angeles-Long Beach-Anaheim, CA","06","California","037","Los Angeles","34.1365","-117.92391"
"03/05/2018","060370002","1","0.3","ppm","3","24","100.0000","42101","Carbon monoxide","31080","Los Angeles-Long Beach-Anaheim, CA","06","California","037","Los Angeles","34.1365","-117.92391"
"03/06/2018","060370002","1","0.5","ppm","6","24","100.0000","42101","Carbon monoxide","31080","Los Angeles-Long Beach-Anaheim, CA","06","California","037","Los Angeles","34.1365","-117.92391"
"03/07/2018","060370002","1","0.7","ppm","8","24","100.0000","42101","Carbon monoxide","31080","Los Angeles-Long Beach-Anaheim, CA","06","California","037","Los Angeles","34.1365","-117.92391"
"03/08/2018","060370002","1","0.7","ppm","8","24","100.0000","42101","Carbon monoxide","31080","Los Angeles-Long Beach-Anaheim, CA","06","California","037","Los Angeles","34.1365","-117.92391"
"03/09/2018","060370002","1","0.5","ppm","6","24","100.0000","42101","Carbon monoxide","31080","Los Angeles-Long Beach-Anaheim, CA","06","California","037","Los Angeles","34.1365","-117.92391"
"03/10/2018","060370002","1","0.4","ppm","5","24","100.0000","42101","Carbon monoxide","31080","Los Angeles-Long Beach-Anaheim, CA","06","California","037","Los Angeles","34.1365","-117.92391"
"03/11/2018","060370002","1","0.3","ppm","3","24","100.0000","42101","Carbon monoxide","31080","Los Angeles-Long Beach-Anaheim, CA","06","California","037","Los Angeles","34.1365","-117.92391"
"03/12/2018","060370002","1","0.5","ppm","6","24","100.0000","42101","Carbon monoxide","31080","Los Angeles-Long Beach-Anaheim, CA","06","California","037","Los Angeles","34.1365","-117.92391"
"03/13/2018","060370002","1","0.5","ppm","6","24","100.0000","42101","Carbon monoxide","31080","Los Angeles-Long Beach-Anaheim, CA","06","California","037","Los Angeles","34.1365","-117.92391"
"03/14/2018","060370002","1","0.3","ppm","3","13","54.0000","42101","Carbon monoxide","31080","Los Angeles-Long Beach-Anaheim, CA","06","California","037","Los Angeles","34.1365","-117.92391"
"03/15/2018","060370002","1","0.3","ppm","3","24","100.0000","42101","Carbon monoxide","31080","Los Angeles-Long Beach-Anaheim, CA","06","California","037","Los Angeles","34.1365","-117.92391"
"03/16/2018","060370002","1","0.3","ppm","3","24","100.0000","42101","Carbon monoxide","31080","Los Angeles-Long Beach-Anaheim, CA","06","California","037","Los Angeles","34.1365","-117.92391"
"03/17/2018","060370002","1","0.3","ppm","3","24","100.0000","42101","Carbon monoxide","31080","Los Angeles-Long Beach-Anaheim, CA","06","California","037","Los Angeles","34.1365","-117.92391"
"03/18/2018","060370002","1","0.3","ppm","3","24","100.0000","42101","Carbon monoxide","31080","Los Angeles-Long Beach-Anaheim, CA","06","California","037","Los Angeles","34.1365","-117.92391"
"03/19/2018","060370002","1","0.4","ppm","5","24","100.0000","42101","Carbon monoxide","31080","Los Angeles-Long Beach-Anaheim, CA","06","California","037","Los Angeles","34.1365","-117.92391"
"03/20/2018","060370002","1","0.6","ppm","7","24","100.0000","42101","Carbon monoxide","31080","Los Angeles-Long Beach-Anaheim, CA","06","California","037","Los Angeles","34.1365","-117.92391"
"03/21/2018","060370002","1","0.6","ppm","7","24","100.0000","42101","Carbon monoxide","31080","Los Angeles-Long Beach-Anaheim, CA","06","California","037","Los Angeles","34.1365","-117.92391"
"03/22/2018","060370002","1","0.4","ppm","5","24","100.0000","42101","Carbon monoxide","31080","Los Angeles-Long Beach-Anaheim, CA","06","California","037","Los Angeles","34.1365","-117.92391"
"03/23/2018","060370002","1","0.4","ppm","5","24","100.0000","42101","Carbon monoxide","31080","Los Angeles-Long Beach-Anaheim, CA","06","California","037","Los Angeles","34.1365","-117.92391"
"03/24/2018","060370002","1","0.4","ppm","5","24","100.0000","42101","Carbon monoxide","31080","Los Angeles-Long Beach-Anaheim, CA","06","California","037","Los Angeles","34.1365","-117.92391"
"03/25/2018","060370002","1","0.3","ppm","3","24","100.0000","42101","Carbon monoxide","31080","Los Angeles-Long Beach-Anaheim, CA","06","California","037","Los Angeles","34.1365","-117.92391"
"03/26/2018","060370002","1","0.3","ppm","3","24","100.0000","42101","Carbon monoxide","31080","Los Angeles-Long Beach-Anaheim, CA","06","California","037","Los Angeles","34.1365","-117.92391"
"03/27/2018","060370002","1","0.5","ppm","6","24","100.0000","42101","Carbon monoxide","31080","Los Angeles-Long Beach-Anaheim, CA","06","California","037","Los Angeles","34.1365","-117.92391"
"03/28/2018","060370002","1","0.5","ppm","6","24","100.0000","42101","Carbon monoxide","31080","Los Angeles-Long Beach-Anaheim, CA","06","California","037","Los Angeles","34.1365","-117.92391"
"03/29/2018","060370002","1","0.7","ppm","8","24","100.0000","42101","Carbon monoxide","31080","Los Angeles-Long Beach-Anaheim, CA","06","California","037","Los Angeles","34.1365","-117.92391"
"03/30/2018","060370002","1","0.8","ppm","9","24","100.0000","42101","Carbon monoxide","31080","Los Angeles-Long Beach-Anaheim, CA","06","California","037","Los Angeles","34.1365","-117.92391"
"03/31/2018","060370002","1","0.8","ppm","9","24","100.0000","42101","Carbon monoxide","31080","Los Angeles-Long Beach-Anaheim, CA","06","California","037","Los Angeles","34.1365","-117.92391"
"04/01/2018","060370002","1","0.4","ppm","5","24","100.0000","42101","Carbon monoxide","31080","Los Angeles-Long Beach-Anaheim, CA","06","California","037","Los Angeles","34.1365","-117.92391"
"04/02/2018","060370002","1","0.3","ppm","3","24","100.0000","42101","Carbon monoxide","31080","Los Angeles-Long Beach-Anaheim, CA","06","California","037","Los Angeles","34.1365","-117.92391"
"04/03/2018","060370002","1","0.4","ppm","5","24","100.0000","42101","Carbon monoxide","31080","Los Angeles-Long Beach-Anaheim, CA","06","California","037","Los Angeles","34.1365","-117.92391"
"04/04/2018","060370002","1","0.5","ppm","6","24","100.0000","42101","Carbon monoxide","31080","Los Angeles-Long Beach-Anaheim, CA","06","California","037","Los Angeles","34.1365","-117.92391"
"04/05/2018","060370002","1","0.4","ppm","5","24","100.0000","42101","Carbon monoxide","31080","Los Angeles-Long Beach-Anaheim, CA","06","California","037","Los Angeles","34.1365","-117.92391"
"04/06/2018","060370002","1","0.4","ppm","5","24","100.0000","42101","Carbon monoxide","31080","Los Angeles-Long Beach-Anaheim, CA","06","California","037","Los Angeles","34.1365","-117.92391"
"04/07/2018","060370002","1","0.3","ppm","3","24","100.0000","42101","Carbon monoxide","31080","Los Angeles-Long Beach-Anaheim, CA","06","California","037","Los Angeles","34.1365","-117.92391"
"04/08/2018","060370002","1","0.3","ppm","3","24","100.0000","42101","Carbon monoxide","31080","Los Angeles-Long Beach-Anaheim, CA","06","California","037","Los Angeles","34.1365","-117.92391"
"04/09/2018","060370002","1","0.4","ppm","5","24","100.0000","42101","Carbon monoxide","31080","Los Angeles-Long Beach-Anaheim, CA","06","California","037","Los Angeles","34.1365","-117.92391"
"04/10/2018","060370002","1","0.5","ppm","6","24","100.0000","42101","Carbon monoxide","31080","Los Angeles-Long Beach-Anaheim, CA","06","California","037","Los Angeles","34.1365","-117.92391"
"04/11/2018","060370002","1","0.6","ppm","7","24","100.0000","42101","Carbon monoxide","31080","Los Angeles-Long Beach-Anaheim, CA","06","California","037","Los Angeles","34.1365","-117.92391"
"04/12/2018","060370002","1","0.3","ppm","3","24","100.0000","42101","Carbon monoxide","31080","Los Angeles-Long Beach-Anaheim, CA","06","California","037","Los Angeles","34.1365","-117.92391"
"04/13/2018","060370002","1","0.4","ppm","5","13","54.0000","42101","Carbon monoxide","31080","Los Angeles-Long Beach-Anaheim, CA","06","California","037","Los Angeles","34.1365","-117.92391"
"04/14/2018","060370002","1","0.4","ppm","5","24","100.0000","42101","Carbon monoxide","31080","Los Angeles-Long Beach-Anaheim, CA","06","California","037","Los Angeles","34.1365","-117.92391"
"04/15/2018","060370002","1","0.4","ppm","5","24","100.0000","42101","Carbon monoxide","31080","Los Angeles-Long Beach-Anaheim, CA","06","California","037","Los Angeles","34.1365","-117.92391"
"04/16/2018","060370002","1","0.4","ppm","5","24","100.0000","42101","Carbon monoxide","31080","Los Angeles-Long Beach-Anaheim, CA","06","California","037","Los Angeles","34.1365","-117.92391"
"04/17/2018","060370002","1","0.3","ppm","3","24","100.0000","42101","Carbon monoxide","31080","Los Angeles-Long Beach-Anaheim, CA","06","California","037","Los Angeles","34.1365","-117.92391"
"04/18/2018","060370002","1","0.4","ppm","5","24","100.0000","42101","Carbon monoxide","31080","Los Angeles-Long Beach-Anaheim, CA","06","California","037","Los Angeles","34.1365","-117.92391"
"04/19/2018","060370002","1","0.3","ppm","3","24","100.0000","42101","Carbon monoxide","31080","Los Angeles-Long Beach-Anaheim, CA","06","California","037","Los Angeles","34.1365","-117.92391"
"04/20/2018","060370002","1","0.4","ppm","5","24","100.0000","42101","Carbon monoxide","31080","Los Angeles-Long Beach-Anaheim, CA","06","California","037","Los Angeles","34.1365","-117.92391"
"04/21/2018","060370002","1","0.5","ppm","6","24","100.0000","42101","Carbon monoxide","31080","Los Angeles-Long Beach-Anaheim, CA","06","California","037","Los Angeles","34.1365","-117.92391"
"04/22/2018","060370002","1","0.6","ppm","7","24","100.0000","42101","Carbon monoxide","31080","Los Angeles-Long Beach-Anaheim, CA","06","California","037","Los Angeles","34.1365","-117.92391"
"04/23/2018","060370002","1","0.5","ppm","6","24","100.0000","42101","Carbon monoxide","31080","Los Angeles-Long Beach-Anaheim, CA","06","California","037","Los Angeles","34.1365","-117.92391"
"04/24/2018","060370002","1","0.5","ppm","6","24","100.0000","42101","Carbon monoxide","31080","Los Angeles-Long Beach-Anaheim, CA","06","California","037","Los Angeles","34.1365","-117.92391"
"04/25/2018","060370002","1","0.5","ppm","6","24","100.0000","42101","Carbon monoxide","31080","Los Angeles-Long Beach-Anaheim, CA","06","California","037","Los Angeles","34.1365","-117.92391"
"04/26/2018","060370002","1","0.4","ppm","5","24","100.0000","42101","Carbon monoxide","31080","Los Angeles-Long Beach-Anaheim, CA","06","California","037","Los Angeles","34.1365","-117.92391"
"04/27/2018","060370002","1","0.3","ppm","3","24","100.0000","42101","Carbon monoxide","31080","Los Angeles-Long Beach-Anaheim, CA","06","California","037","Los Angeles","34.1365","-117.92391"
"04/28/2018","060370002","1","0.4","ppm","5","24","100.0000","42101","Carbon monoxide","31080","Los Angeles-Long Beach-Anaheim, CA","06","California","037","Los Angeles","34.1365","-117.92391"
"04/29/2018","060370002","1","0.3","ppm","3","24","100.0000","42101","Carbon monoxide","31080","Los Angeles-Long Beach-Anaheim, CA","06","California","037","Los Angeles","34.1365","-117.92391"
"04/30/2018","060370002","1","0.3","ppm","3","24","100.0000","42101","Carbon monoxide","31080","Los Angeles-Long Beach-Anaheim, CA","06","California","037","Los Angeles","34.1365","-117.92391"
"05/01/2018","060370002","1","0.3","ppm","3","24","100.0000","42101","Carbon monoxide","31080","Los Angeles-Long Beach-Anaheim, CA","06","California","037","Los Angeles","34.1365","-117.92391"
"05/02/2018","060370002","1","0.3","ppm","3","24","100.0000","42101","Carbon monoxide","31080","Los Angeles-Long Beach-Anaheim, CA","06","California","037","Los Angeles","34.1365","-117.92391"
"05/03/2018","060370002","1","0.4","ppm","5","24","100.0000","42101","Carbon monoxide","31080","Los Angeles-Long Beach-Anaheim, CA","06","California","037","Los Angeles","34.1365","-117.92391"
"05/04/2018","060370002","1","0.6","ppm","7","24","100.0000","42101","Carbon monoxide","31080","Los Angeles-Long Beach-Anaheim, CA","06","California","037","Los Angeles","34.1365","-117.92391"
"05/05/2018","060370002","1","0.5","ppm","6","24","100.0000","42101","Carbon monoxide","31080","Los Angeles-Long Beach-Anaheim, CA","06","California","037","Los Angeles","34.1365","-117.92391"
"05/06/2018","060370002","1","0.5","ppm","6","24","100.0000","42101","Carbon monoxide","31080","Los Angeles-Long Beach-Anaheim, CA","06","California","037","Los Angeles","34.1365","-117.92391"
"05/07/2018","060370002","1","0.5","ppm","6","24","100.0000","42101","Carbon monoxide","31080","Los Angeles-Long Beach-Anaheim, CA","06","California","037","Los Angeles","34.1365","-117.92391"
"05/08/2018","060370002","1","0.5","ppm","6","24","100.0000","42101","Carbon monoxide","31080","Los Angeles-Long Beach-Anaheim, CA","06","California","037","Los Angeles","34.1365","-117.92391"
"05/09/2018","060370002","1","0.4","ppm","5","16","67.0000","42101","Carbon monoxide","31080","Los Angeles-Long Beach-Anaheim, CA","06","California","037","Los Angeles","34.1365","-117.92391"
"05/10/2018","060370002","1","0.4","ppm","5","24","100.0000","42101","Carbon monoxide","31080","Los Angeles-Long Beach-Anaheim, CA","06","California","037","Los Angeles","34.1365","-117.92391"
"05/11/2018","060370002","1","0.4","ppm","5","24","100.0000","42101","Carbon monoxide","31080","Los Angeles-Long Beach-Anaheim, CA","06","California","037","Los Angeles","34.1365","-117.92391"
"05/12/2018","060370002","1","0.3","ppm","3","24","100.0000","42101","Carbon monoxide","31080","Los Angeles-Long Beach-Anaheim, CA","06","California","037","Los Angeles","34.1365","-117.92391"
"05/13/2018","060370002","1","0.3","ppm","3","24","100.0000","42101","Carbon monoxide","31080","Los Angeles-Long Beach-Anaheim, CA","06","California","037","Los Angeles","34.1365","-117.92391"
"05/14/2018","060370002","1","0.3","ppm","3","24","100.0000","42101","Carbon monoxide","31080","Los Angeles-Long Beach-Anaheim, CA","06","California","037","Los Angeles","34.1365","-117.92391"
"05/15/2018","060370002","1","0.3","ppm","3","24","100.0000","42101","Carbon monoxide","31080","Los Angeles-Long Beach-Anaheim, CA","06","California","037","Los Angeles","34.1365","-117.92391"
"05/16/2018","060370002","1","0.3","ppm","3","18","75.0000","42101","Carbon monoxide","31080","Los Angeles-Long Beach-Anaheim, CA","06","California","037","Los Angeles","34.1365","-117.92391"
"05/17/2018","060370002","1","0.3","ppm","3","24","100.0000","42101","Carbon monoxide","31080","Los Angeles-Long Beach-Anaheim, CA","06","California","037","Los Angeles","34.1365","-117.92391"
"05/18/2018","060370002","1","0.4","ppm","5","24","100.0000","42101","Carbon monoxide","31080","Los Angeles-Long Beach-Anaheim, CA","06","California","037","Los Angeles","34.1365","-117.92391"
"05/19/2018","060370002","1","0.3","ppm","3","24","100.0000","42101","Carbon monoxide","31080","Los Angeles-Long Beach-Anaheim, CA","06","California","037","Los Angeles","34.1365","-117.92391"
"05/20/2018","060370002","1","0.3","ppm","3","24","100.0000","42101","Carbon monoxide","31080","Los Angeles-Long Beach-Anaheim, CA","06","California","037","Los Angeles","34.1365","-117.92391"
"05/21/2018","060370002","1","0.3","ppm","3","24","100.0000","42101","Carbon monoxide","31080","Los Angeles-Long Beach-Anaheim, CA","06","California","037","Los Angeles","34.1365","-117.92391"
"05/22/2018","060370002","1","0.3","ppm","3","24","100.0000","42101","Carbon monoxide","31080","Los Angeles-Long Beach-Anaheim, CA","06","California","037","Los Angeles","34.1365","-117.92391"
"05/23/2018","060370002","1","0.3","ppm","3","24","100.0000","42101","Carbon monoxide","31080","Los Angeles-Long Beach-Anaheim, CA","06","California","037","Los Angeles","34.1365","-117.92391"
"05/24/2018","060370002","1","0.3","ppm","3","24","100.0000","42101","Carbon monoxide","31080","Los Angeles-Long Beach-Anaheim, CA","06","California","037","Los Angeles","34.1365","-117.92391"
"05/25/2018","060370002","1","0.3","ppm","3","24","100.0000","42101","Carbon monoxide","31080","Los Angeles-Long Beach-Anaheim, CA","06","California","037","Los Angeles","34.1365","-117.92391"
"05/26/2018","060370002","1","0.3","ppm","3","24","100.0000","42101","Carbon monoxide","31080","Los Angeles-Long Beach-Anaheim, CA","06","California","037","Los Angeles","34.1365","-117.92391"
"05/27/2018","060370002","1","0.3","ppm","3","24","100.0000","42101","Carbon monoxide","31080","Los Angeles-Long Beach-Anaheim, CA","06","California","037","Los Angeles","34.1365","-117.92391"
"05/28/2018","060370002","1","0.3","ppm","3","24","100.0000","42101","Carbon monoxide","31080","Los Angeles-Long Beach-Anaheim, CA","06","California","037","Los Angeles","34.1365","-117.92391"
"05/29/2018","060370002","1","0.4","ppm","5","24","100.0000","42101","Carbon monoxide","31080","Los Angeles-Long Beach-Anaheim, CA","06","California","037","Los Angeles","34.1365","-117.92391"
"05/30/2018","060370002","1","0.3","ppm","3","24","100.0000","42101","Carbon monoxide","31080","Los Angeles-Long Beach-Anaheim, CA","06","California","037","Los Angeles","34.1365","-117.92391"
"05/31/2018","060370002","1","0.3","ppm","3","24","100.0000","42101","Carbon monoxide","31080","Los Angeles-Long Beach-Anaheim, CA","06","California","037","Los Angeles","34.1365","-117.92391"
"06/01/2018","060370002","1","0.3","ppm","3","24","100.0000","42101","Carbon monoxide","31080","Los Angeles-Long Beach-Anaheim, CA","06","California","037","Los Angeles","34.1365","-117.92391"
"06/02/2018","060370002","1","0.4","ppm","5","24","100.0000","42101","Carbon monoxide","31080","Los Angeles-Long Beach-Anaheim, CA","06","California","037","Los Angeles","34.1365","-117.92391"
"06/03/2018","060370002","1","0.4","ppm","5","24","100.0000","42101","Carbon monoxide","31080","Los Angeles-Long Beach-Anaheim, CA","06","California","037","Los Angeles","34.1365","-117.92391"
"06/04/2018","060370002","1","0.4","ppm","5","24","100.0000","42101","Carbon monoxide","31080","Los Angeles-Long Beach-Anaheim, CA","06","California","037","Los Angeles","34.1365","-117.92391"
"06/05/2018","060370002","1","0.3","ppm","3","24","100.0000","42101","Carbon monoxide","31080","Los Angeles-Long Beach-Anaheim, CA","06","California","037","Los Angeles","34.1365","-117.92391"
"06/06/2018","060370002","1","0.3","ppm","3","24","100.0000","42101","Carbon monoxide","31080","Los Angeles-Long Beach-Anaheim, CA","06","California","037","Los Angeles","34.1365","-117.92391"
"06/07/2018","060370002","1","0.3","ppm","3","24","100.0000","42101","Carbon monoxide","31080","Los Angeles-Long Beach-Anaheim, CA","06","California","037","Los Angeles","34.1365","-117.92391"
"06/08/2018","060370002","1","0.5","ppm","6","24","100.0000","42101","Carbon monoxide","31080","Los Angeles-Long Beach-Anaheim, CA","06","California","037","Los Angeles","34.1365","-117.92391"
"06/09/2018","060370002","1","0.4","ppm","5","24","100.0000","42101","Carbon monoxide","31080","Los Angeles-Long Beach-Anaheim, CA","06","California","037","Los Angeles","34.1365","-117.92391"
"06/10/2018","060370002","1","0.3","ppm","3","24","100.0000","42101","Carbon monoxide","31080","Los Angeles-Long Beach-Anaheim, CA","06","California","037","Los Angeles","34.1365","-117.92391"
"06/11/2018","060370002","1","0.4","ppm","5","24","100.0000","42101","Carbon monoxide","31080","Los Angeles-Long Beach-Anaheim, CA","06","California","037","Los Angeles","34.1365","-117.92391"
"06/12/2018","060370002","1","0.4","ppm","5","24","100.0000","42101","Carbon monoxide","31080","Los Angeles-Long Beach-Anaheim, CA","06","California","037","Los Angeles","34.1365","-117.92391"
"06/13/2018","060370002","1","0.4","ppm","5","24","100.0000","42101","Carbon monoxide","31080","Los Angeles-Long Beach-Anaheim, CA","06","California","037","Los Angeles","34.1365","-117.92391"
"06/14/2018","060370002","1","0.4","ppm","5","24","100.0000","42101","Carbon monoxide","31080","Los Angeles-Long Beach-Anaheim, CA","06","California","037","Los Angeles","34.1365","-117.92391"
"06/15/2018","060370002","1","0.4","ppm","5","24","100.0000","42101","Carbon monoxide","31080","Los Angeles-Long Beach-Anaheim, CA","06","California","037","Los Angeles","34.1365","-117.92391"
"06/16/2018","060370002","1","0.3","ppm","3","24","100.0000","42101","Carbon monoxide","31080","Los Angeles-Long Beach-Anaheim, CA","06","California","037","Los Angeles","34.1365","-117.92391"
"06/17/2018","060370002","1","0.2","ppm","2","24","100.0000","42101","Carbon monoxide","31080","Los Angeles-Long Beach-Anaheim, CA","06","California","037","Los Angeles","34.1365","-117.92391"
"06/18/2018","060370002","1","0.3","ppm","3","24","100.0000","42101","Carbon monoxide","31080","Los Angeles-Long Beach-Anaheim, CA","06","California","037","Los Angeles","34.1365","-117.92391"
"06/19/2018","060370002","1","0.3","ppm","3","24","100.0000","42101","Carbon monoxide","31080","Los Angeles-Long Beach-Anaheim, CA","06","California","037","Los Angeles","34.1365","-117.92391"
"06/20/2018","060370002","1","0.4","ppm","5","24","100.0000","42101","Carbon monoxide","31080","Los Angeles-Long Beach-Anaheim, CA","06","California","037","Los Angeles","34.1365","-117.92391"
"06/21/2018","060370002","1","0.4","ppm","5","24","100.0000","42101","Carbon monoxide","31080","Los Angeles-Long Beach-Anaheim, CA","06","California","037","Los Angeles","34.1365","-117.92391"
"06/22/2018","060370002","1","0.4","ppm","5","24","100.0000","42101","Carbon monoxide","31080","Los Angeles-Long Beach-Anaheim, CA","06","California","037","Los Angeles","34.1365","-117.92391"
"06/23/2018","060370002","1","0.4","ppm","5","24","100.0000","42101","Carbon monoxide","31080","Los Angeles-Long Beach-Anaheim, CA","06","California","037","Los Angeles","34.1365","-117.92391"
"06/24/2018","060370002","1","0.2","ppm","2","18","75.0000","42101","Carbon monoxide","31080","Los Angeles-Long Beach-Anaheim, CA","06","California","037","Los Angeles","34.1365","-117.92391"
"06/25/2018","060370002","1","0.3","ppm","3","24","100.0000","42101","Carbon monoxide","31080","Los Angeles-Long Beach-Anaheim, CA","06","California","037","Los Angeles","34.1365","-117.92391"
"06/26/2018","060370002","1","0.3","ppm","3","24","100.0000","42101","Carbon monoxide","31080","Los Angeles-Long Beach-Anaheim, CA","06","California","037","Los Angeles","34.1365","-117.92391"
"06/27/2018","060370002","1","0.4","ppm","5","24","100.0000","42101","Carbon monoxide","31080","Los Angeles-Long Beach-Anaheim, CA","06","California","037","Los Angeles","34.1365","-117.92391"
"06/28/2018","060370002","1","0.4","ppm","5","24","100.0000","42101","Carbon monoxide","31080","Los Angeles-Long Beach-Anaheim, CA","06","California","037","Los Angeles","34.1365","-117.92391"
"06/29/2018","060370002","1","0.3","ppm","3","24","100.0000","42101","Carbon monoxide","31080","Los Angeles-Long Beach-Anaheim, CA","06","California","037","Los Angeles","34.1365","-117.92391"
"06/30/2018","060370002","1","0.2","ppm","2","24","100.0000","42101","Carbon monoxide","31080","Los Angeles-Long Beach-Anaheim, CA","06","California","037","Los Angeles","34.1365","-117.92391"
"07/01/2018","060370002","1","0.2","ppm","2","2","8.0000","42101","Carbon monoxide","31080","Los Angeles-Long Beach-Anaheim, CA","06","California","037","Los Angeles","34.1365","-117.92391"
